{"minzoom":0,"maxzoom":10,"center":[31.816406,46.437722,10.0],"bounds":[-74.0,17.878307,46.736744,85.0]}