{"minzoom":0,"maxzoom":9,"center":[31.992188,46.316045,9.0],"bounds":[-74.0,17.878307,46.736744,85.0]}